--
-- PostgreSQL database dump
--

-- Dumped from database version 17.0 (Debian 17.0-1.pgdg120+1)
-- Dumped by pg_dump version 17.0 (Debian 17.0-1.pgdg120+1)

SET statement_timeout = 0;
SET lock_timeout = 0;
SET idle_in_transaction_session_timeout = 0;
SET transaction_timeout = 0;
SET client_encoding = 'UTF8';
SET standard_conforming_strings = on;
SELECT pg_catalog.set_config('search_path', '', false);
SET check_function_bodies = false;
SET xmloption = content;
SET client_min_messages = warning;
SET row_security = off;

SET default_tablespace = '';

SET default_table_access_method = heap;

--
-- Name: auth_group; Type: TABLE; Schema: public; Owner: myuser
--

CREATE TABLE public.auth_group (
    id integer NOT NULL,
    name character varying(150) NOT NULL
);


ALTER TABLE public.auth_group OWNER TO myuser;

--
-- Name: auth_group_id_seq; Type: SEQUENCE; Schema: public; Owner: myuser
--

ALTER TABLE public.auth_group ALTER COLUMN id ADD GENERATED BY DEFAULT AS IDENTITY (
    SEQUENCE NAME public.auth_group_id_seq
    START WITH 1
    INCREMENT BY 1
    NO MINVALUE
    NO MAXVALUE
    CACHE 1
);


--
-- Name: auth_group_permissions; Type: TABLE; Schema: public; Owner: myuser
--

CREATE TABLE public.auth_group_permissions (
    id bigint NOT NULL,
    group_id integer NOT NULL,
    permission_id integer NOT NULL
);


ALTER TABLE public.auth_group_permissions OWNER TO myuser;

--
-- Name: auth_group_permissions_id_seq; Type: SEQUENCE; Schema: public; Owner: myuser
--

ALTER TABLE public.auth_group_permissions ALTER COLUMN id ADD GENERATED BY DEFAULT AS IDENTITY (
    SEQUENCE NAME public.auth_group_permissions_id_seq
    START WITH 1
    INCREMENT BY 1
    NO MINVALUE
    NO MAXVALUE
    CACHE 1
);


--
-- Name: auth_permission; Type: TABLE; Schema: public; Owner: myuser
--

CREATE TABLE public.auth_permission (
    id integer NOT NULL,
    name character varying(255) NOT NULL,
    content_type_id integer NOT NULL,
    codename character varying(100) NOT NULL
);


ALTER TABLE public.auth_permission OWNER TO myuser;

--
-- Name: auth_permission_id_seq; Type: SEQUENCE; Schema: public; Owner: myuser
--

ALTER TABLE public.auth_permission ALTER COLUMN id ADD GENERATED BY DEFAULT AS IDENTITY (
    SEQUENCE NAME public.auth_permission_id_seq
    START WITH 1
    INCREMENT BY 1
    NO MINVALUE
    NO MAXVALUE
    CACHE 1
);


--
-- Name: courses; Type: TABLE; Schema: public; Owner: myuser
--

CREATE TABLE public.courses (
    id bigint NOT NULL,
    name character varying(63) NOT NULL,
    description character varying(100) NOT NULL,
    register_state character varying(1) NOT NULL,
    coordinator_id bigint
);


ALTER TABLE public.courses OWNER TO myuser;

--
-- Name: courses_id_seq; Type: SEQUENCE; Schema: public; Owner: myuser
--

ALTER TABLE public.courses ALTER COLUMN id ADD GENERATED BY DEFAULT AS IDENTITY (
    SEQUENCE NAME public.courses_id_seq
    START WITH 1
    INCREMENT BY 1
    NO MINVALUE
    NO MAXVALUE
    CACHE 1
);


--
-- Name: django_admin_log; Type: TABLE; Schema: public; Owner: myuser
--

CREATE TABLE public.django_admin_log (
    id integer NOT NULL,
    action_time timestamp with time zone NOT NULL,
    object_id text,
    object_repr character varying(200) NOT NULL,
    action_flag smallint NOT NULL,
    change_message text NOT NULL,
    content_type_id integer,
    user_id bigint NOT NULL,
    CONSTRAINT django_admin_log_action_flag_check CHECK ((action_flag >= 0))
);


ALTER TABLE public.django_admin_log OWNER TO myuser;

--
-- Name: django_admin_log_id_seq; Type: SEQUENCE; Schema: public; Owner: myuser
--

ALTER TABLE public.django_admin_log ALTER COLUMN id ADD GENERATED BY DEFAULT AS IDENTITY (
    SEQUENCE NAME public.django_admin_log_id_seq
    START WITH 1
    INCREMENT BY 1
    NO MINVALUE
    NO MAXVALUE
    CACHE 1
);


--
-- Name: django_content_type; Type: TABLE; Schema: public; Owner: myuser
--

CREATE TABLE public.django_content_type (
    id integer NOT NULL,
    app_label character varying(100) NOT NULL,
    model character varying(100) NOT NULL
);


ALTER TABLE public.django_content_type OWNER TO myuser;

--
-- Name: django_content_type_id_seq; Type: SEQUENCE; Schema: public; Owner: myuser
--

ALTER TABLE public.django_content_type ALTER COLUMN id ADD GENERATED BY DEFAULT AS IDENTITY (
    SEQUENCE NAME public.django_content_type_id_seq
    START WITH 1
    INCREMENT BY 1
    NO MINVALUE
    NO MAXVALUE
    CACHE 1
);


--
-- Name: django_migrations; Type: TABLE; Schema: public; Owner: myuser
--

CREATE TABLE public.django_migrations (
    id bigint NOT NULL,
    app character varying(255) NOT NULL,
    name character varying(255) NOT NULL,
    applied timestamp with time zone NOT NULL
);


ALTER TABLE public.django_migrations OWNER TO myuser;

--
-- Name: django_migrations_id_seq; Type: SEQUENCE; Schema: public; Owner: myuser
--

ALTER TABLE public.django_migrations ALTER COLUMN id ADD GENERATED BY DEFAULT AS IDENTITY (
    SEQUENCE NAME public.django_migrations_id_seq
    START WITH 1
    INCREMENT BY 1
    NO MINVALUE
    NO MAXVALUE
    CACHE 1
);


--
-- Name: django_session; Type: TABLE; Schema: public; Owner: myuser
--

CREATE TABLE public.django_session (
    session_key character varying(40) NOT NULL,
    session_data text NOT NULL,
    expire_date timestamp with time zone NOT NULL
);


ALTER TABLE public.django_session OWNER TO myuser;

--
-- Name: oauth2_provider_accesstoken; Type: TABLE; Schema: public; Owner: myuser
--

CREATE TABLE public.oauth2_provider_accesstoken (
    id bigint NOT NULL,
    token text NOT NULL,
    expires timestamp with time zone NOT NULL,
    scope text NOT NULL,
    application_id bigint,
    user_id bigint,
    created timestamp with time zone NOT NULL,
    updated timestamp with time zone NOT NULL,
    source_refresh_token_id bigint,
    id_token_id bigint,
    token_checksum character varying(64) NOT NULL
);


ALTER TABLE public.oauth2_provider_accesstoken OWNER TO myuser;

--
-- Name: oauth2_provider_accesstoken_id_seq; Type: SEQUENCE; Schema: public; Owner: myuser
--

ALTER TABLE public.oauth2_provider_accesstoken ALTER COLUMN id ADD GENERATED BY DEFAULT AS IDENTITY (
    SEQUENCE NAME public.oauth2_provider_accesstoken_id_seq
    START WITH 1
    INCREMENT BY 1
    NO MINVALUE
    NO MAXVALUE
    CACHE 1
);


--
-- Name: oauth2_provider_application; Type: TABLE; Schema: public; Owner: myuser
--

CREATE TABLE public.oauth2_provider_application (
    id bigint NOT NULL,
    client_id character varying(100) NOT NULL,
    redirect_uris text NOT NULL,
    client_type character varying(32) NOT NULL,
    authorization_grant_type character varying(32) NOT NULL,
    client_secret character varying(255) NOT NULL,
    name character varying(255) NOT NULL,
    user_id bigint,
    skip_authorization boolean NOT NULL,
    created timestamp with time zone NOT NULL,
    updated timestamp with time zone NOT NULL,
    algorithm character varying(5) NOT NULL,
    post_logout_redirect_uris text NOT NULL,
    hash_client_secret boolean NOT NULL,
    allowed_origins text NOT NULL
);


ALTER TABLE public.oauth2_provider_application OWNER TO myuser;

--
-- Name: oauth2_provider_application_id_seq; Type: SEQUENCE; Schema: public; Owner: myuser
--

ALTER TABLE public.oauth2_provider_application ALTER COLUMN id ADD GENERATED BY DEFAULT AS IDENTITY (
    SEQUENCE NAME public.oauth2_provider_application_id_seq
    START WITH 1
    INCREMENT BY 1
    NO MINVALUE
    NO MAXVALUE
    CACHE 1
);


--
-- Name: oauth2_provider_grant; Type: TABLE; Schema: public; Owner: myuser
--

CREATE TABLE public.oauth2_provider_grant (
    id bigint NOT NULL,
    code character varying(255) NOT NULL,
    expires timestamp with time zone NOT NULL,
    redirect_uri text NOT NULL,
    scope text NOT NULL,
    application_id bigint NOT NULL,
    user_id bigint NOT NULL,
    created timestamp with time zone NOT NULL,
    updated timestamp with time zone NOT NULL,
    code_challenge character varying(128) NOT NULL,
    code_challenge_method character varying(10) NOT NULL,
    nonce character varying(255) NOT NULL,
    claims text NOT NULL
);


ALTER TABLE public.oauth2_provider_grant OWNER TO myuser;

--
-- Name: oauth2_provider_grant_id_seq; Type: SEQUENCE; Schema: public; Owner: myuser
--

ALTER TABLE public.oauth2_provider_grant ALTER COLUMN id ADD GENERATED BY DEFAULT AS IDENTITY (
    SEQUENCE NAME public.oauth2_provider_grant_id_seq
    START WITH 1
    INCREMENT BY 1
    NO MINVALUE
    NO MAXVALUE
    CACHE 1
);


--
-- Name: oauth2_provider_idtoken; Type: TABLE; Schema: public; Owner: myuser
--

CREATE TABLE public.oauth2_provider_idtoken (
    id bigint NOT NULL,
    jti uuid NOT NULL,
    expires timestamp with time zone NOT NULL,
    scope text NOT NULL,
    created timestamp with time zone NOT NULL,
    updated timestamp with time zone NOT NULL,
    application_id bigint,
    user_id bigint
);


ALTER TABLE public.oauth2_provider_idtoken OWNER TO myuser;

--
-- Name: oauth2_provider_idtoken_id_seq; Type: SEQUENCE; Schema: public; Owner: myuser
--

ALTER TABLE public.oauth2_provider_idtoken ALTER COLUMN id ADD GENERATED BY DEFAULT AS IDENTITY (
    SEQUENCE NAME public.oauth2_provider_idtoken_id_seq
    START WITH 1
    INCREMENT BY 1
    NO MINVALUE
    NO MAXVALUE
    CACHE 1
);


--
-- Name: oauth2_provider_refreshtoken; Type: TABLE; Schema: public; Owner: myuser
--

CREATE TABLE public.oauth2_provider_refreshtoken (
    id bigint NOT NULL,
    token character varying(255) NOT NULL,
    access_token_id bigint,
    application_id bigint NOT NULL,
    user_id bigint NOT NULL,
    created timestamp with time zone NOT NULL,
    updated timestamp with time zone NOT NULL,
    revoked timestamp with time zone,
    token_family uuid
);


ALTER TABLE public.oauth2_provider_refreshtoken OWNER TO myuser;

--
-- Name: oauth2_provider_refreshtoken_id_seq; Type: SEQUENCE; Schema: public; Owner: myuser
--

ALTER TABLE public.oauth2_provider_refreshtoken ALTER COLUMN id ADD GENERATED BY DEFAULT AS IDENTITY (
    SEQUENCE NAME public.oauth2_provider_refreshtoken_id_seq
    START WITH 1
    INCREMENT BY 1
    NO MINVALUE
    NO MAXVALUE
    CACHE 1
);


--
-- Name: payment_information; Type: TABLE; Schema: public; Owner: myuser
--

CREATE TABLE public.payment_information (
    id bigint NOT NULL,
    university_relationship character varying(1) NOT NULL,
    ruc character varying(11),
    bank_entity character varying(100) NOT NULL,
    bank_account character varying(20) NOT NULL,
    cci character varying(20),
    suspension_cuarta boolean NOT NULL,
    id_user_ceprunsa bigint NOT NULL
);


ALTER TABLE public.payment_information OWNER TO myuser;

--
-- Name: payment_information_id_seq; Type: SEQUENCE; Schema: public; Owner: myuser
--

ALTER TABLE public.payment_information ALTER COLUMN id ADD GENERATED BY DEFAULT AS IDENTITY (
    SEQUENCE NAME public.payment_information_id_seq
    START WITH 1
    INCREMENT BY 1
    NO MINVALUE
    NO MAXVALUE
    CACHE 1
);


--
-- Name: personal_information; Type: TABLE; Schema: public; Owner: myuser
--

CREATE TABLE public.personal_information (
    id bigint NOT NULL,
    first_names character varying(100) NOT NULL,
    last_names character varying(100) NOT NULL,
    main_phone character varying(9) NOT NULL,
    address character varying(100),
    identity_document character varying(8) NOT NULL,
    second_phone character varying(9),
    personal_email character varying(100),
    cv character varying(100),
    academic_degree character varying(100) NOT NULL,
    career character varying(100) NOT NULL,
    id_user_ceprunsa bigint NOT NULL
);


ALTER TABLE public.personal_information OWNER TO myuser;

--
-- Name: personal_information_id_seq; Type: SEQUENCE; Schema: public; Owner: myuser
--

ALTER TABLE public.personal_information ALTER COLUMN id ADD GENERATED BY DEFAULT AS IDENTITY (
    SEQUENCE NAME public.personal_information_id_seq
    START WITH 1
    INCREMENT BY 1
    NO MINVALUE
    NO MAXVALUE
    CACHE 1
);


--
-- Name: processes; Type: TABLE; Schema: public; Owner: myuser
--

CREATE TABLE public.processes (
    id bigint NOT NULL,
    name character varying(63) NOT NULL,
    description character varying(100) NOT NULL,
    year_of_entry character varying(4) NOT NULL,
    year_process character varying(4) NOT NULL,
    date_start timestamp with time zone NOT NULL,
    date_end timestamp with time zone NOT NULL,
    important_dates text NOT NULL,
    shifts text NOT NULL,
    process_type character varying(1) NOT NULL,
    register_state character varying(1) NOT NULL
);


ALTER TABLE public.processes OWNER TO myuser;

--
-- Name: processes_id_seq; Type: SEQUENCE; Schema: public; Owner: myuser
--

ALTER TABLE public.processes ALTER COLUMN id ADD GENERATED BY DEFAULT AS IDENTITY (
    SEQUENCE NAME public.processes_id_seq
    START WITH 1
    INCREMENT BY 1
    NO MINVALUE
    NO MAXVALUE
    CACHE 1
);


--
-- Name: roles_ceprunsa; Type: TABLE; Schema: public; Owner: myuser
--

CREATE TABLE public.roles_ceprunsa (
    id bigint NOT NULL,
    name character varying(63) NOT NULL,
    description character varying(100) NOT NULL,
    register_state character varying(1) NOT NULL
);


ALTER TABLE public.roles_ceprunsa OWNER TO myuser;

--
-- Name: roles_ceprunsa_id_seq; Type: SEQUENCE; Schema: public; Owner: myuser
--

ALTER TABLE public.roles_ceprunsa ALTER COLUMN id ADD GENERATED BY DEFAULT AS IDENTITY (
    SEQUENCE NAME public.roles_ceprunsa_id_seq
    START WITH 1
    INCREMENT BY 1
    NO MINVALUE
    NO MAXVALUE
    CACHE 1
);


--
-- Name: token_blacklist_blacklistedtoken; Type: TABLE; Schema: public; Owner: myuser
--

CREATE TABLE public.token_blacklist_blacklistedtoken (
    id bigint NOT NULL,
    blacklisted_at timestamp with time zone NOT NULL,
    token_id bigint NOT NULL
);


ALTER TABLE public.token_blacklist_blacklistedtoken OWNER TO myuser;

--
-- Name: token_blacklist_blacklistedtoken_id_seq; Type: SEQUENCE; Schema: public; Owner: myuser
--

ALTER TABLE public.token_blacklist_blacklistedtoken ALTER COLUMN id ADD GENERATED BY DEFAULT AS IDENTITY (
    SEQUENCE NAME public.token_blacklist_blacklistedtoken_id_seq
    START WITH 1
    INCREMENT BY 1
    NO MINVALUE
    NO MAXVALUE
    CACHE 1
);


--
-- Name: token_blacklist_outstandingtoken; Type: TABLE; Schema: public; Owner: myuser
--

CREATE TABLE public.token_blacklist_outstandingtoken (
    id bigint NOT NULL,
    token text NOT NULL,
    created_at timestamp with time zone,
    expires_at timestamp with time zone NOT NULL,
    user_id bigint,
    jti character varying(255) NOT NULL
);


ALTER TABLE public.token_blacklist_outstandingtoken OWNER TO myuser;

--
-- Name: token_blacklist_outstandingtoken_id_seq; Type: SEQUENCE; Schema: public; Owner: myuser
--

ALTER TABLE public.token_blacklist_outstandingtoken ALTER COLUMN id ADD GENERATED BY DEFAULT AS IDENTITY (
    SEQUENCE NAME public.token_blacklist_outstandingtoken_id_seq
    START WITH 1
    INCREMENT BY 1
    NO MINVALUE
    NO MAXVALUE
    CACHE 1
);


--
-- Name: users_ceprunsa; Type: TABLE; Schema: public; Owner: myuser
--

CREATE TABLE public.users_ceprunsa (
    id bigint NOT NULL,
    password character varying(128) NOT NULL,
    last_login timestamp with time zone,
    email character varying(254) NOT NULL,
    is_staff boolean NOT NULL,
    is_superuser boolean NOT NULL,
    join_date timestamp with time zone NOT NULL,
    register_state character varying(1) NOT NULL
);


ALTER TABLE public.users_ceprunsa OWNER TO myuser;

--
-- Name: users_ceprunsa_groups; Type: TABLE; Schema: public; Owner: myuser
--

CREATE TABLE public.users_ceprunsa_groups (
    id bigint NOT NULL,
    userceprunsa_id bigint NOT NULL,
    group_id integer NOT NULL
);


ALTER TABLE public.users_ceprunsa_groups OWNER TO myuser;

--
-- Name: users_ceprunsa_groups_id_seq; Type: SEQUENCE; Schema: public; Owner: myuser
--

ALTER TABLE public.users_ceprunsa_groups ALTER COLUMN id ADD GENERATED BY DEFAULT AS IDENTITY (
    SEQUENCE NAME public.users_ceprunsa_groups_id_seq
    START WITH 1
    INCREMENT BY 1
    NO MINVALUE
    NO MAXVALUE
    CACHE 1
);


--
-- Name: users_ceprunsa_id_seq; Type: SEQUENCE; Schema: public; Owner: myuser
--

ALTER TABLE public.users_ceprunsa ALTER COLUMN id ADD GENERATED BY DEFAULT AS IDENTITY (
    SEQUENCE NAME public.users_ceprunsa_id_seq
    START WITH 1
    INCREMENT BY 1
    NO MINVALUE
    NO MAXVALUE
    CACHE 1
);


--
-- Name: users_ceprunsa_roles_relation; Type: TABLE; Schema: public; Owner: myuser
--

CREATE TABLE public.users_ceprunsa_roles_relation (
    id bigint NOT NULL,
    register_state character varying(1) NOT NULL,
    id_role_ceprunsa bigint NOT NULL,
    id_user_ceprunsa bigint NOT NULL
);


ALTER TABLE public.users_ceprunsa_roles_relation OWNER TO myuser;

--
-- Name: users_ceprunsa_roles_relation_id_seq; Type: SEQUENCE; Schema: public; Owner: myuser
--

ALTER TABLE public.users_ceprunsa_roles_relation ALTER COLUMN id ADD GENERATED BY DEFAULT AS IDENTITY (
    SEQUENCE NAME public.users_ceprunsa_roles_relation_id_seq
    START WITH 1
    INCREMENT BY 1
    NO MINVALUE
    NO MAXVALUE
    CACHE 1
);


--
-- Name: users_ceprunsa_user_permissions; Type: TABLE; Schema: public; Owner: myuser
--

CREATE TABLE public.users_ceprunsa_user_permissions (
    id bigint NOT NULL,
    userceprunsa_id bigint NOT NULL,
    permission_id integer NOT NULL
);


ALTER TABLE public.users_ceprunsa_user_permissions OWNER TO myuser;

--
-- Name: users_ceprunsa_user_permissions_id_seq; Type: SEQUENCE; Schema: public; Owner: myuser
--

ALTER TABLE public.users_ceprunsa_user_permissions ALTER COLUMN id ADD GENERATED BY DEFAULT AS IDENTITY (
    SEQUENCE NAME public.users_ceprunsa_user_permissions_id_seq
    START WITH 1
    INCREMENT BY 1
    NO MINVALUE
    NO MAXVALUE
    CACHE 1
);


--
-- Data for Name: auth_group; Type: TABLE DATA; Schema: public; Owner: myuser
--

COPY public.auth_group (id, name) FROM stdin;
\.


--
-- Data for Name: auth_group_permissions; Type: TABLE DATA; Schema: public; Owner: myuser
--

COPY public.auth_group_permissions (id, group_id, permission_id) FROM stdin;
\.


--
-- Data for Name: auth_permission; Type: TABLE DATA; Schema: public; Owner: myuser
--

COPY public.auth_permission (id, name, content_type_id, codename) FROM stdin;
1	Can add log entry	1	add_logentry
2	Can change log entry	1	change_logentry
3	Can delete log entry	1	delete_logentry
4	Can view log entry	1	view_logentry
5	Can add permission	2	add_permission
6	Can change permission	2	change_permission
7	Can delete permission	2	delete_permission
8	Can view permission	2	view_permission
9	Can add group	3	add_group
10	Can change group	3	change_group
11	Can delete group	3	delete_group
12	Can view group	3	view_group
13	Can add content type	4	add_contenttype
14	Can change content type	4	change_contenttype
15	Can delete content type	4	delete_contenttype
16	Can view content type	4	view_contenttype
17	Can add session	5	add_session
18	Can change session	5	change_session
19	Can delete session	5	delete_session
20	Can view session	5	view_session
21	Can add user ceprunsa	6	add_userceprunsa
22	Can change user ceprunsa	6	change_userceprunsa
23	Can delete user ceprunsa	6	delete_userceprunsa
24	Can view user ceprunsa	6	view_userceprunsa
25	Can add role ceprunsa	7	add_roleceprunsa
26	Can change role ceprunsa	7	change_roleceprunsa
27	Can delete role ceprunsa	7	delete_roleceprunsa
28	Can view role ceprunsa	7	view_roleceprunsa
29	Can add user ceprunsa role relation	8	add_userceprunsarolerelation
30	Can change user ceprunsa role relation	8	change_userceprunsarolerelation
31	Can delete user ceprunsa role relation	8	delete_userceprunsarolerelation
32	Can view user ceprunsa role relation	8	view_userceprunsarolerelation
33	Can add user ceprunsa personal info	9	add_userceprunsapersonalinfo
34	Can change user ceprunsa personal info	9	change_userceprunsapersonalinfo
35	Can delete user ceprunsa personal info	9	delete_userceprunsapersonalinfo
36	Can view user ceprunsa personal info	9	view_userceprunsapersonalinfo
37	Can add user ceprunsa payment info	10	add_userceprunsapaymentinfo
38	Can change user ceprunsa payment info	10	change_userceprunsapaymentinfo
39	Can delete user ceprunsa payment info	10	delete_userceprunsapaymentinfo
40	Can view user ceprunsa payment info	10	view_userceprunsapaymentinfo
41	Can add process	11	add_process
42	Can change process	11	change_process
43	Can delete process	11	delete_process
44	Can view process	11	view_process
45	Can add course	12	add_course
46	Can change course	12	change_course
47	Can delete course	12	delete_course
48	Can view course	12	view_course
49	Can add application	13	add_application
50	Can change application	13	change_application
51	Can delete application	13	delete_application
52	Can view application	13	view_application
53	Can add access token	14	add_accesstoken
54	Can change access token	14	change_accesstoken
55	Can delete access token	14	delete_accesstoken
56	Can view access token	14	view_accesstoken
57	Can add grant	15	add_grant
58	Can change grant	15	change_grant
59	Can delete grant	15	delete_grant
60	Can view grant	15	view_grant
61	Can add refresh token	16	add_refreshtoken
62	Can change refresh token	16	change_refreshtoken
63	Can delete refresh token	16	delete_refreshtoken
64	Can view refresh token	16	view_refreshtoken
65	Can add id token	17	add_idtoken
66	Can change id token	17	change_idtoken
67	Can delete id token	17	delete_idtoken
68	Can view id token	17	view_idtoken
69	Can add blacklisted token	18	add_blacklistedtoken
70	Can change blacklisted token	18	change_blacklistedtoken
71	Can delete blacklisted token	18	delete_blacklistedtoken
72	Can view blacklisted token	18	view_blacklistedtoken
73	Can add outstanding token	19	add_outstandingtoken
74	Can change outstanding token	19	change_outstandingtoken
75	Can delete outstanding token	19	delete_outstandingtoken
76	Can view outstanding token	19	view_outstandingtoken
\.


--
-- Data for Name: courses; Type: TABLE DATA; Schema: public; Owner: myuser
--

COPY public.courses (id, name, description, register_state, coordinator_id) FROM stdin;
\.


--
-- Data for Name: django_admin_log; Type: TABLE DATA; Schema: public; Owner: myuser
--

COPY public.django_admin_log (id, action_time, object_id, object_repr, action_flag, change_message, content_type_id, user_id) FROM stdin;
\.


--
-- Data for Name: django_content_type; Type: TABLE DATA; Schema: public; Owner: myuser
--

COPY public.django_content_type (id, app_label, model) FROM stdin;
1	admin	logentry
2	auth	permission
3	auth	group
4	contenttypes	contenttype
5	sessions	session
6	userAuth	userceprunsa
7	userAuth	roleceprunsa
8	userAuth	userceprunsarolerelation
9	userInfo	userceprunsapersonalinfo
10	userInfo	userceprunsapaymentinfo
11	processes	process
12	courses	course
13	oauth2_provider	application
14	oauth2_provider	accesstoken
15	oauth2_provider	grant
16	oauth2_provider	refreshtoken
17	oauth2_provider	idtoken
18	token_blacklist	blacklistedtoken
19	token_blacklist	outstandingtoken
\.


--
-- Data for Name: django_migrations; Type: TABLE DATA; Schema: public; Owner: myuser
--

COPY public.django_migrations (id, app, name, applied) FROM stdin;
1	contenttypes	0001_initial	2024-11-10 22:17:07.670742+00
2	contenttypes	0002_remove_content_type_name	2024-11-10 22:17:07.678051+00
3	auth	0001_initial	2024-11-10 22:17:07.705008+00
4	auth	0002_alter_permission_name_max_length	2024-11-10 22:17:07.710662+00
5	auth	0003_alter_user_email_max_length	2024-11-10 22:17:07.718187+00
6	auth	0004_alter_user_username_opts	2024-11-10 22:17:07.72619+00
7	auth	0005_alter_user_last_login_null	2024-11-10 22:17:07.733248+00
8	auth	0006_require_contenttypes_0002	2024-11-10 22:17:07.736418+00
9	auth	0007_alter_validators_add_error_messages	2024-11-10 22:17:07.743387+00
10	auth	0008_alter_user_username_max_length	2024-11-10 22:17:07.751012+00
11	auth	0009_alter_user_last_name_max_length	2024-11-10 22:17:07.761963+00
12	auth	0010_alter_group_name_max_length	2024-11-10 22:17:07.774309+00
13	auth	0011_update_proxy_permissions	2024-11-10 22:17:07.785765+00
14	auth	0012_alter_user_first_name_max_length	2024-11-10 22:17:07.797258+00
15	userAuth	0001_initial	2024-11-10 22:17:07.840608+00
16	admin	0001_initial	2024-11-10 22:17:07.863056+00
17	admin	0002_logentry_remove_auto_add	2024-11-10 22:17:07.872604+00
18	admin	0003_logentry_add_action_flag_choices	2024-11-10 22:17:07.880153+00
19	courses	0001_initial	2024-11-10 22:17:07.899056+00
20	oauth2_provider	0001_initial	2024-11-10 22:17:07.971543+00
21	oauth2_provider	0002_auto_20190406_1805	2024-11-10 22:17:07.989218+00
22	oauth2_provider	0003_auto_20201211_1314	2024-11-10 22:17:07.998943+00
23	oauth2_provider	0004_auto_20200902_2022	2024-11-10 22:17:08.04977+00
24	oauth2_provider	0005_auto_20211222_2352	2024-11-10 22:17:08.084889+00
25	oauth2_provider	0006_alter_application_client_secret	2024-11-10 22:17:08.100265+00
26	oauth2_provider	0007_application_post_logout_redirect_uris	2024-11-10 22:17:08.112457+00
27	oauth2_provider	0008_alter_accesstoken_token	2024-11-10 22:17:08.132074+00
28	oauth2_provider	0009_add_hash_client_secret	2024-11-10 22:17:08.149607+00
29	oauth2_provider	0010_application_allowed_origins	2024-11-10 22:17:08.163607+00
30	oauth2_provider	0011_refreshtoken_token_family	2024-11-10 22:17:08.178836+00
31	oauth2_provider	0012_add_token_checksum	2024-11-10 22:17:08.262869+00
32	processes	0001_initial	2024-11-10 22:17:08.272433+00
33	sessions	0001_initial	2024-11-10 22:17:08.277954+00
34	token_blacklist	0001_initial	2024-11-10 22:17:08.301206+00
35	token_blacklist	0002_outstandingtoken_jti_hex	2024-11-10 22:17:08.311635+00
36	token_blacklist	0003_auto_20171017_2007	2024-11-10 22:17:08.327007+00
37	token_blacklist	0004_auto_20171017_2013	2024-11-10 22:17:08.337822+00
38	token_blacklist	0005_remove_outstandingtoken_jti	2024-11-10 22:17:08.349721+00
39	token_blacklist	0006_auto_20171017_2113	2024-11-10 22:17:08.359886+00
40	token_blacklist	0007_auto_20171017_2214	2024-11-10 22:17:08.378616+00
41	token_blacklist	0008_migrate_to_bigautofield	2024-11-10 22:17:08.400105+00
42	token_blacklist	0010_fix_migrate_to_bigautofield	2024-11-10 22:17:08.414017+00
43	token_blacklist	0011_linearizes_history	2024-11-10 22:17:08.417622+00
44	token_blacklist	0012_alter_outstandingtoken_user	2024-11-10 22:17:08.431722+00
45	userInfo	0001_initial	2024-11-10 22:17:08.460406+00
\.


--
-- Data for Name: django_session; Type: TABLE DATA; Schema: public; Owner: myuser
--

COPY public.django_session (session_key, session_data, expire_date) FROM stdin;
\.


--
-- Data for Name: oauth2_provider_accesstoken; Type: TABLE DATA; Schema: public; Owner: myuser
--

COPY public.oauth2_provider_accesstoken (id, token, expires, scope, application_id, user_id, created, updated, source_refresh_token_id, id_token_id, token_checksum) FROM stdin;
\.


--
-- Data for Name: oauth2_provider_application; Type: TABLE DATA; Schema: public; Owner: myuser
--

COPY public.oauth2_provider_application (id, client_id, redirect_uris, client_type, authorization_grant_type, client_secret, name, user_id, skip_authorization, created, updated, algorithm, post_logout_redirect_uris, hash_client_secret, allowed_origins) FROM stdin;
\.


--
-- Data for Name: oauth2_provider_grant; Type: TABLE DATA; Schema: public; Owner: myuser
--

COPY public.oauth2_provider_grant (id, code, expires, redirect_uri, scope, application_id, user_id, created, updated, code_challenge, code_challenge_method, nonce, claims) FROM stdin;
\.


--
-- Data for Name: oauth2_provider_idtoken; Type: TABLE DATA; Schema: public; Owner: myuser
--

COPY public.oauth2_provider_idtoken (id, jti, expires, scope, created, updated, application_id, user_id) FROM stdin;
\.


--
-- Data for Name: oauth2_provider_refreshtoken; Type: TABLE DATA; Schema: public; Owner: myuser
--

COPY public.oauth2_provider_refreshtoken (id, token, access_token_id, application_id, user_id, created, updated, revoked, token_family) FROM stdin;
\.


--
-- Data for Name: payment_information; Type: TABLE DATA; Schema: public; Owner: myuser
--

COPY public.payment_information (id, university_relationship, ruc, bank_entity, bank_account, cci, suspension_cuarta, id_user_ceprunsa) FROM stdin;
\.


--
-- Data for Name: personal_information; Type: TABLE DATA; Schema: public; Owner: myuser
--

COPY public.personal_information (id, first_names, last_names, main_phone, address, identity_document, second_phone, personal_email, cv, academic_degree, career, id_user_ceprunsa) FROM stdin;
1	Juan	Pérez	987654321	Av. San Martín 123	12345678	998877665	juan.perez@email.com	cv_juan.pdf	Licenciatura	Ingeniería de Sistemas	1
\.


--
-- Data for Name: processes; Type: TABLE DATA; Schema: public; Owner: myuser
--

COPY public.processes (id, name, description, year_of_entry, year_process, date_start, date_end, important_dates, shifts, process_type, register_state) FROM stdin;
1	Proceso de Admisión	Admisión de nuevos estudiantes	2024	2023	2023-08-01 09:00:00+00	2023-08-15 18:00:00+00	2023-07-15,2023-07-30,2023-08-10	Mañana,Tarde	A	A
2	Proceso de Evaluación	Evaluación continua	2024	2024	2024-01-15 08:00:00+00	2024-02-15 17:00:00+00	2024-01-10,2024-01-20,2024-02-05	Tarde,Noche	E	A
3	Proceso de Inscripción	Inscripción para cursos	2025	2024	2024-06-01 07:00:00+00	2024-06-30 17:00:00+00	2024-05-15,2024-05-25,2024-06-05	Mañana	I	A
4	Proceso de Graduación	Proceso de finalización de estudios	2023	2023	2023-09-01 09:00:00+00	2023-09-20 16:00:00+00	2023-08-01,2023-08-15,2023-09-01	Mañana,Tarde,Noche	G	C
5	Proceso de Renovación	Renovación de matrícula	2024	2024	2024-03-01 08:30:00+00	2024-03-15 16:30:00+00	2024-02-20,2024-02-28,2024-03-10	Mañana	R	A
6	Proceso de Transferencia	Transferencias entre instituciones	2023	2023	2023-11-01 09:00:00+00	2023-11-15 17:00:00+00	2023-10-10,2023-10-20,2023-11-05	Tarde,Noche	T	A
\.


--
-- Data for Name: roles_ceprunsa; Type: TABLE DATA; Schema: public; Owner: myuser
--

COPY public.roles_ceprunsa (id, name, description, register_state) FROM stdin;
\.


--
-- Data for Name: token_blacklist_blacklistedtoken; Type: TABLE DATA; Schema: public; Owner: myuser
--

COPY public.token_blacklist_blacklistedtoken (id, blacklisted_at, token_id) FROM stdin;
\.


--
-- Data for Name: token_blacklist_outstandingtoken; Type: TABLE DATA; Schema: public; Owner: myuser
--

COPY public.token_blacklist_outstandingtoken (id, token, created_at, expires_at, user_id, jti) FROM stdin;
1	eyJhbGciOiJIUzI1NiIsInR5cCI6IkpXVCJ9.eyJ0b2tlbl90eXBlIjoicmVmcmVzaCIsImV4cCI6MTczMTM2MzQ4MywiaWF0IjoxNzMxMjc3MDgzLCJqdGkiOiJkMzgxNTg1YjQxNzU0YmFiODZmNDBlNmM2ZTAwZTgzNiIsInVzZXJfaWQiOjF9.thk3ECX5x1_JO_zMqlDsF72nR_TrNM23MCvH7R2Wzy8	2024-11-10 22:18:03.137914+00	2024-11-11 22:18:03+00	1	d381585b41754bab86f40e6c6e00e836
2	eyJhbGciOiJIUzI1NiIsInR5cCI6IkpXVCJ9.eyJ0b2tlbl90eXBlIjoicmVmcmVzaCIsImV4cCI6MTczMTM2MzgwNiwiaWF0IjoxNzMxMjc3NDA2LCJqdGkiOiJlYmQ1ZDhmODExNjg0ODAzYjQzZWM4YTk2MTIyMzdlMyIsInVzZXJfaWQiOjF9.-bs65HX5YoLoK0QsaH40HZacsn-yKe-ocYJVh7xlB3o	2024-11-10 22:23:26.479077+00	2024-11-11 22:23:26+00	1	ebd5d8f811684803b43ec8a9612237e3
3	eyJhbGciOiJIUzI1NiIsInR5cCI6IkpXVCJ9.eyJ0b2tlbl90eXBlIjoicmVmcmVzaCIsImV4cCI6MTczMTM2MzkyNSwiaWF0IjoxNzMxMjc3NTI1LCJqdGkiOiJkOWRjN2FjNjE1ZjM0MTZjYmI4ZGRjNzJhM2ViOTFiZCIsInVzZXJfaWQiOjF9._kx215NVxDQwzrKrjsH4-m3B9d2HZUBcJssfuUJaqxU	2024-11-10 22:25:25.376019+00	2024-11-11 22:25:25+00	1	d9dc7ac615f3416cbb8ddc72a3eb91bd
4	eyJhbGciOiJIUzI1NiIsInR5cCI6IkpXVCJ9.eyJ0b2tlbl90eXBlIjoicmVmcmVzaCIsImV4cCI6MTczMTM2NDY1OCwiaWF0IjoxNzMxMjc4MjU4LCJqdGkiOiJkZTBhZTA3NjNjYTc0YmM4YTYzMTMzMWI1OGFiZDk3MSIsInVzZXJfaWQiOjF9.Ke8-POa7o8KT-pOJ5PoHNyXH73sDpB4_LCYhUz7JhsI	2024-11-10 22:37:38.335296+00	2024-11-11 22:37:38+00	1	de0ae0763ca74bc8a631331b58abd971
5	eyJhbGciOiJIUzI1NiIsInR5cCI6IkpXVCJ9.eyJ0b2tlbl90eXBlIjoicmVmcmVzaCIsImV4cCI6MTczMTM2NTM3MCwiaWF0IjoxNzMxMjc4OTcwLCJqdGkiOiJhZDBmYWEyMzUzMDk0OTczYmU4ZTkzZTY1ZWYxZmYxZCIsInVzZXJfaWQiOjF9.UI7dYE9_8X6ETRQW1hAjEo3wbKPvGfqLew0QbbUP9xM	2024-11-10 22:49:30.276359+00	2024-11-11 22:49:30+00	1	ad0faa2353094973be8e93e65ef1ff1d
6	eyJhbGciOiJIUzI1NiIsInR5cCI6IkpXVCJ9.eyJ0b2tlbl90eXBlIjoicmVmcmVzaCIsImV4cCI6MTczMTM2NTcxNSwiaWF0IjoxNzMxMjc5MzE1LCJqdGkiOiJmNzA4Nzk5MjE3MWQ0NDU4YjIzNmZlMzRkOTBlN2FkYSIsInVzZXJfaWQiOjF9.ZJpZjtjXFb-Xsn3xnQfkTwGpd9ivIqaSBgTvXFo4s6Q	2024-11-10 22:55:15.713862+00	2024-11-11 22:55:15+00	1	f7087992171d4458b236fe34d90e7ada
7	eyJhbGciOiJIUzI1NiIsInR5cCI6IkpXVCJ9.eyJ0b2tlbl90eXBlIjoicmVmcmVzaCIsImV4cCI6MTczMTM2NjA1OSwiaWF0IjoxNzMxMjc5NjU5LCJqdGkiOiJhZmE5MjEyOWNhODA0ZGIzODBlMzdmYzc3ZWUxZGJhZSIsInVzZXJfaWQiOjF9.4q9HSdE83DwLp6USZB5K0DJYDbu-IllP6qgCboRRCkA	2024-11-10 23:00:59.565002+00	2024-11-11 23:00:59+00	1	afa92129ca804db380e37fc77ee1dbae
8	eyJhbGciOiJIUzI1NiIsInR5cCI6IkpXVCJ9.eyJ0b2tlbl90eXBlIjoicmVmcmVzaCIsImV4cCI6MTczMTM2NjE0NywiaWF0IjoxNzMxMjc5NzQ3LCJqdGkiOiI2MzVkNDQ5NTNkNTg0NDhjOWY3ZDBkMzU3M2ZkN2M2NyIsInVzZXJfaWQiOjF9.DZy1oS0VUxfMkpJ8ljgowH1nZYm8eUSOG-zUTtRWKtk	2024-11-10 23:02:27.020024+00	2024-11-11 23:02:27+00	1	635d44953d58448c9f7d0d3573fd7c67
\.


--
-- Data for Name: users_ceprunsa; Type: TABLE DATA; Schema: public; Owner: myuser
--

COPY public.users_ceprunsa (id, password, last_login, email, is_staff, is_superuser, join_date, register_state) FROM stdin;
1	pbkdf2_sha256$600000$LD2RMUJBtAqtkKqnUkWGya$V0V9ExSIkHHB7tCoFBaCJ3M0f6cIZrOhxUXnCZ7jhI0=	\N	jpanoccam@unsa.edu.pe	t	f	2024-11-10 22:17:40.150678+00	A
\.


--
-- Data for Name: users_ceprunsa_groups; Type: TABLE DATA; Schema: public; Owner: myuser
--

COPY public.users_ceprunsa_groups (id, userceprunsa_id, group_id) FROM stdin;
\.


--
-- Data for Name: users_ceprunsa_roles_relation; Type: TABLE DATA; Schema: public; Owner: myuser
--

COPY public.users_ceprunsa_roles_relation (id, register_state, id_role_ceprunsa, id_user_ceprunsa) FROM stdin;
\.


--
-- Data for Name: users_ceprunsa_user_permissions; Type: TABLE DATA; Schema: public; Owner: myuser
--

COPY public.users_ceprunsa_user_permissions (id, userceprunsa_id, permission_id) FROM stdin;
\.


--
-- Name: auth_group_id_seq; Type: SEQUENCE SET; Schema: public; Owner: myuser
--

SELECT pg_catalog.setval('public.auth_group_id_seq', 1, false);


--
-- Name: auth_group_permissions_id_seq; Type: SEQUENCE SET; Schema: public; Owner: myuser
--

SELECT pg_catalog.setval('public.auth_group_permissions_id_seq', 1, false);


--
-- Name: auth_permission_id_seq; Type: SEQUENCE SET; Schema: public; Owner: myuser
--

SELECT pg_catalog.setval('public.auth_permission_id_seq', 76, true);


--
-- Name: courses_id_seq; Type: SEQUENCE SET; Schema: public; Owner: myuser
--

SELECT pg_catalog.setval('public.courses_id_seq', 1, false);


--
-- Name: django_admin_log_id_seq; Type: SEQUENCE SET; Schema: public; Owner: myuser
--

SELECT pg_catalog.setval('public.django_admin_log_id_seq', 1, false);


--
-- Name: django_content_type_id_seq; Type: SEQUENCE SET; Schema: public; Owner: myuser
--

SELECT pg_catalog.setval('public.django_content_type_id_seq', 19, true);


--
-- Name: django_migrations_id_seq; Type: SEQUENCE SET; Schema: public; Owner: myuser
--

SELECT pg_catalog.setval('public.django_migrations_id_seq', 45, true);


--
-- Name: oauth2_provider_accesstoken_id_seq; Type: SEQUENCE SET; Schema: public; Owner: myuser
--

SELECT pg_catalog.setval('public.oauth2_provider_accesstoken_id_seq', 1, false);


--
-- Name: oauth2_provider_application_id_seq; Type: SEQUENCE SET; Schema: public; Owner: myuser
--

SELECT pg_catalog.setval('public.oauth2_provider_application_id_seq', 1, false);


--
-- Name: oauth2_provider_grant_id_seq; Type: SEQUENCE SET; Schema: public; Owner: myuser
--

SELECT pg_catalog.setval('public.oauth2_provider_grant_id_seq', 1, false);


--
-- Name: oauth2_provider_idtoken_id_seq; Type: SEQUENCE SET; Schema: public; Owner: myuser
--

SELECT pg_catalog.setval('public.oauth2_provider_idtoken_id_seq', 1, false);


--
-- Name: oauth2_provider_refreshtoken_id_seq; Type: SEQUENCE SET; Schema: public; Owner: myuser
--

SELECT pg_catalog.setval('public.oauth2_provider_refreshtoken_id_seq', 1, false);


--
-- Name: payment_information_id_seq; Type: SEQUENCE SET; Schema: public; Owner: myuser
--

SELECT pg_catalog.setval('public.payment_information_id_seq', 1, false);


--
-- Name: personal_information_id_seq; Type: SEQUENCE SET; Schema: public; Owner: myuser
--

SELECT pg_catalog.setval('public.personal_information_id_seq', 1, false);


--
-- Name: processes_id_seq; Type: SEQUENCE SET; Schema: public; Owner: myuser
--

SELECT pg_catalog.setval('public.processes_id_seq', 1, false);


--
-- Name: roles_ceprunsa_id_seq; Type: SEQUENCE SET; Schema: public; Owner: myuser
--

SELECT pg_catalog.setval('public.roles_ceprunsa_id_seq', 1, false);


--
-- Name: token_blacklist_blacklistedtoken_id_seq; Type: SEQUENCE SET; Schema: public; Owner: myuser
--

SELECT pg_catalog.setval('public.token_blacklist_blacklistedtoken_id_seq', 1, false);


--
-- Name: token_blacklist_outstandingtoken_id_seq; Type: SEQUENCE SET; Schema: public; Owner: myuser
--

SELECT pg_catalog.setval('public.token_blacklist_outstandingtoken_id_seq', 8, true);


--
-- Name: users_ceprunsa_groups_id_seq; Type: SEQUENCE SET; Schema: public; Owner: myuser
--

SELECT pg_catalog.setval('public.users_ceprunsa_groups_id_seq', 1, false);


--
-- Name: users_ceprunsa_id_seq; Type: SEQUENCE SET; Schema: public; Owner: myuser
--

SELECT pg_catalog.setval('public.users_ceprunsa_id_seq', 1, true);


--
-- Name: users_ceprunsa_roles_relation_id_seq; Type: SEQUENCE SET; Schema: public; Owner: myuser
--

SELECT pg_catalog.setval('public.users_ceprunsa_roles_relation_id_seq', 1, false);


--
-- Name: users_ceprunsa_user_permissions_id_seq; Type: SEQUENCE SET; Schema: public; Owner: myuser
--

SELECT pg_catalog.setval('public.users_ceprunsa_user_permissions_id_seq', 1, false);


--
-- Name: auth_group auth_group_name_key; Type: CONSTRAINT; Schema: public; Owner: myuser
--

ALTER TABLE ONLY public.auth_group
    ADD CONSTRAINT auth_group_name_key UNIQUE (name);


--
-- Name: auth_group_permissions auth_group_permissions_group_id_permission_id_0cd325b0_uniq; Type: CONSTRAINT; Schema: public; Owner: myuser
--

ALTER TABLE ONLY public.auth_group_permissions
    ADD CONSTRAINT auth_group_permissions_group_id_permission_id_0cd325b0_uniq UNIQUE (group_id, permission_id);


--
-- Name: auth_group_permissions auth_group_permissions_pkey; Type: CONSTRAINT; Schema: public; Owner: myuser
--

ALTER TABLE ONLY public.auth_group_permissions
    ADD CONSTRAINT auth_group_permissions_pkey PRIMARY KEY (id);


--
-- Name: auth_group auth_group_pkey; Type: CONSTRAINT; Schema: public; Owner: myuser
--

ALTER TABLE ONLY public.auth_group
    ADD CONSTRAINT auth_group_pkey PRIMARY KEY (id);


--
-- Name: auth_permission auth_permission_content_type_id_codename_01ab375a_uniq; Type: CONSTRAINT; Schema: public; Owner: myuser
--

ALTER TABLE ONLY public.auth_permission
    ADD CONSTRAINT auth_permission_content_type_id_codename_01ab375a_uniq UNIQUE (content_type_id, codename);


--
-- Name: auth_permission auth_permission_pkey; Type: CONSTRAINT; Schema: public; Owner: myuser
--

ALTER TABLE ONLY public.auth_permission
    ADD CONSTRAINT auth_permission_pkey PRIMARY KEY (id);


--
-- Name: courses courses_name_key; Type: CONSTRAINT; Schema: public; Owner: myuser
--

ALTER TABLE ONLY public.courses
    ADD CONSTRAINT courses_name_key UNIQUE (name);


--
-- Name: courses courses_pkey; Type: CONSTRAINT; Schema: public; Owner: myuser
--

ALTER TABLE ONLY public.courses
    ADD CONSTRAINT courses_pkey PRIMARY KEY (id);


--
-- Name: django_admin_log django_admin_log_pkey; Type: CONSTRAINT; Schema: public; Owner: myuser
--

ALTER TABLE ONLY public.django_admin_log
    ADD CONSTRAINT django_admin_log_pkey PRIMARY KEY (id);


--
-- Name: django_content_type django_content_type_app_label_model_76bd3d3b_uniq; Type: CONSTRAINT; Schema: public; Owner: myuser
--

ALTER TABLE ONLY public.django_content_type
    ADD CONSTRAINT django_content_type_app_label_model_76bd3d3b_uniq UNIQUE (app_label, model);


--
-- Name: django_content_type django_content_type_pkey; Type: CONSTRAINT; Schema: public; Owner: myuser
--

ALTER TABLE ONLY public.django_content_type
    ADD CONSTRAINT django_content_type_pkey PRIMARY KEY (id);


--
-- Name: django_migrations django_migrations_pkey; Type: CONSTRAINT; Schema: public; Owner: myuser
--

ALTER TABLE ONLY public.django_migrations
    ADD CONSTRAINT django_migrations_pkey PRIMARY KEY (id);


--
-- Name: django_session django_session_pkey; Type: CONSTRAINT; Schema: public; Owner: myuser
--

ALTER TABLE ONLY public.django_session
    ADD CONSTRAINT django_session_pkey PRIMARY KEY (session_key);


--
-- Name: oauth2_provider_accesstoken oauth2_provider_accesstoken_id_token_id_key; Type: CONSTRAINT; Schema: public; Owner: myuser
--

ALTER TABLE ONLY public.oauth2_provider_accesstoken
    ADD CONSTRAINT oauth2_provider_accesstoken_id_token_id_key UNIQUE (id_token_id);


--
-- Name: oauth2_provider_accesstoken oauth2_provider_accesstoken_pkey; Type: CONSTRAINT; Schema: public; Owner: myuser
--

ALTER TABLE ONLY public.oauth2_provider_accesstoken
    ADD CONSTRAINT oauth2_provider_accesstoken_pkey PRIMARY KEY (id);


--
-- Name: oauth2_provider_accesstoken oauth2_provider_accesstoken_source_refresh_token_id_key; Type: CONSTRAINT; Schema: public; Owner: myuser
--

ALTER TABLE ONLY public.oauth2_provider_accesstoken
    ADD CONSTRAINT oauth2_provider_accesstoken_source_refresh_token_id_key UNIQUE (source_refresh_token_id);


--
-- Name: oauth2_provider_accesstoken oauth2_provider_accesstoken_token_checksum_85319a26_uniq; Type: CONSTRAINT; Schema: public; Owner: myuser
--

ALTER TABLE ONLY public.oauth2_provider_accesstoken
    ADD CONSTRAINT oauth2_provider_accesstoken_token_checksum_85319a26_uniq UNIQUE (token_checksum);


--
-- Name: oauth2_provider_application oauth2_provider_application_client_id_key; Type: CONSTRAINT; Schema: public; Owner: myuser
--

ALTER TABLE ONLY public.oauth2_provider_application
    ADD CONSTRAINT oauth2_provider_application_client_id_key UNIQUE (client_id);


--
-- Name: oauth2_provider_application oauth2_provider_application_pkey; Type: CONSTRAINT; Schema: public; Owner: myuser
--

ALTER TABLE ONLY public.oauth2_provider_application
    ADD CONSTRAINT oauth2_provider_application_pkey PRIMARY KEY (id);


--
-- Name: oauth2_provider_grant oauth2_provider_grant_code_key; Type: CONSTRAINT; Schema: public; Owner: myuser
--

ALTER TABLE ONLY public.oauth2_provider_grant
    ADD CONSTRAINT oauth2_provider_grant_code_key UNIQUE (code);


--
-- Name: oauth2_provider_grant oauth2_provider_grant_pkey; Type: CONSTRAINT; Schema: public; Owner: myuser
--

ALTER TABLE ONLY public.oauth2_provider_grant
    ADD CONSTRAINT oauth2_provider_grant_pkey PRIMARY KEY (id);


--
-- Name: oauth2_provider_idtoken oauth2_provider_idtoken_jti_key; Type: CONSTRAINT; Schema: public; Owner: myuser
--

ALTER TABLE ONLY public.oauth2_provider_idtoken
    ADD CONSTRAINT oauth2_provider_idtoken_jti_key UNIQUE (jti);


--
-- Name: oauth2_provider_idtoken oauth2_provider_idtoken_pkey; Type: CONSTRAINT; Schema: public; Owner: myuser
--

ALTER TABLE ONLY public.oauth2_provider_idtoken
    ADD CONSTRAINT oauth2_provider_idtoken_pkey PRIMARY KEY (id);


--
-- Name: oauth2_provider_refreshtoken oauth2_provider_refreshtoken_access_token_id_key; Type: CONSTRAINT; Schema: public; Owner: myuser
--

ALTER TABLE ONLY public.oauth2_provider_refreshtoken
    ADD CONSTRAINT oauth2_provider_refreshtoken_access_token_id_key UNIQUE (access_token_id);


--
-- Name: oauth2_provider_refreshtoken oauth2_provider_refreshtoken_pkey; Type: CONSTRAINT; Schema: public; Owner: myuser
--

ALTER TABLE ONLY public.oauth2_provider_refreshtoken
    ADD CONSTRAINT oauth2_provider_refreshtoken_pkey PRIMARY KEY (id);


--
-- Name: oauth2_provider_refreshtoken oauth2_provider_refreshtoken_token_revoked_af8a5134_uniq; Type: CONSTRAINT; Schema: public; Owner: myuser
--

ALTER TABLE ONLY public.oauth2_provider_refreshtoken
    ADD CONSTRAINT oauth2_provider_refreshtoken_token_revoked_af8a5134_uniq UNIQUE (token, revoked);


--
-- Name: payment_information payment_information_id_user_ceprunsa_key; Type: CONSTRAINT; Schema: public; Owner: myuser
--

ALTER TABLE ONLY public.payment_information
    ADD CONSTRAINT payment_information_id_user_ceprunsa_key UNIQUE (id_user_ceprunsa);


--
-- Name: payment_information payment_information_pkey; Type: CONSTRAINT; Schema: public; Owner: myuser
--

ALTER TABLE ONLY public.payment_information
    ADD CONSTRAINT payment_information_pkey PRIMARY KEY (id);


--
-- Name: personal_information personal_information_id_user_ceprunsa_key; Type: CONSTRAINT; Schema: public; Owner: myuser
--

ALTER TABLE ONLY public.personal_information
    ADD CONSTRAINT personal_information_id_user_ceprunsa_key UNIQUE (id_user_ceprunsa);


--
-- Name: personal_information personal_information_pkey; Type: CONSTRAINT; Schema: public; Owner: myuser
--

ALTER TABLE ONLY public.personal_information
    ADD CONSTRAINT personal_information_pkey PRIMARY KEY (id);


--
-- Name: processes processes_name_key; Type: CONSTRAINT; Schema: public; Owner: myuser
--

ALTER TABLE ONLY public.processes
    ADD CONSTRAINT processes_name_key UNIQUE (name);


--
-- Name: processes processes_pkey; Type: CONSTRAINT; Schema: public; Owner: myuser
--

ALTER TABLE ONLY public.processes
    ADD CONSTRAINT processes_pkey PRIMARY KEY (id);


--
-- Name: roles_ceprunsa roles_ceprunsa_name_key; Type: CONSTRAINT; Schema: public; Owner: myuser
--

ALTER TABLE ONLY public.roles_ceprunsa
    ADD CONSTRAINT roles_ceprunsa_name_key UNIQUE (name);


--
-- Name: roles_ceprunsa roles_ceprunsa_pkey; Type: CONSTRAINT; Schema: public; Owner: myuser
--

ALTER TABLE ONLY public.roles_ceprunsa
    ADD CONSTRAINT roles_ceprunsa_pkey PRIMARY KEY (id);


--
-- Name: token_blacklist_blacklistedtoken token_blacklist_blacklistedtoken_pkey; Type: CONSTRAINT; Schema: public; Owner: myuser
--

ALTER TABLE ONLY public.token_blacklist_blacklistedtoken
    ADD CONSTRAINT token_blacklist_blacklistedtoken_pkey PRIMARY KEY (id);


--
-- Name: token_blacklist_blacklistedtoken token_blacklist_blacklistedtoken_token_id_key; Type: CONSTRAINT; Schema: public; Owner: myuser
--

ALTER TABLE ONLY public.token_blacklist_blacklistedtoken
    ADD CONSTRAINT token_blacklist_blacklistedtoken_token_id_key UNIQUE (token_id);


--
-- Name: token_blacklist_outstandingtoken token_blacklist_outstandingtoken_jti_hex_d9bdf6f7_uniq; Type: CONSTRAINT; Schema: public; Owner: myuser
--

ALTER TABLE ONLY public.token_blacklist_outstandingtoken
    ADD CONSTRAINT token_blacklist_outstandingtoken_jti_hex_d9bdf6f7_uniq UNIQUE (jti);


--
-- Name: token_blacklist_outstandingtoken token_blacklist_outstandingtoken_pkey; Type: CONSTRAINT; Schema: public; Owner: myuser
--

ALTER TABLE ONLY public.token_blacklist_outstandingtoken
    ADD CONSTRAINT token_blacklist_outstandingtoken_pkey PRIMARY KEY (id);


--
-- Name: users_ceprunsa users_ceprunsa_email_key; Type: CONSTRAINT; Schema: public; Owner: myuser
--

ALTER TABLE ONLY public.users_ceprunsa
    ADD CONSTRAINT users_ceprunsa_email_key UNIQUE (email);


--
-- Name: users_ceprunsa_groups users_ceprunsa_groups_pkey; Type: CONSTRAINT; Schema: public; Owner: myuser
--

ALTER TABLE ONLY public.users_ceprunsa_groups
    ADD CONSTRAINT users_ceprunsa_groups_pkey PRIMARY KEY (id);


--
-- Name: users_ceprunsa_groups users_ceprunsa_groups_userceprunsa_id_group_id_ad6b8636_uniq; Type: CONSTRAINT; Schema: public; Owner: myuser
--

ALTER TABLE ONLY public.users_ceprunsa_groups
    ADD CONSTRAINT users_ceprunsa_groups_userceprunsa_id_group_id_ad6b8636_uniq UNIQUE (userceprunsa_id, group_id);


--
-- Name: users_ceprunsa users_ceprunsa_pkey; Type: CONSTRAINT; Schema: public; Owner: myuser
--

ALTER TABLE ONLY public.users_ceprunsa
    ADD CONSTRAINT users_ceprunsa_pkey PRIMARY KEY (id);


--
-- Name: users_ceprunsa_roles_relation users_ceprunsa_roles_relation_pkey; Type: CONSTRAINT; Schema: public; Owner: myuser
--

ALTER TABLE ONLY public.users_ceprunsa_roles_relation
    ADD CONSTRAINT users_ceprunsa_roles_relation_pkey PRIMARY KEY (id);


--
-- Name: users_ceprunsa_user_permissions users_ceprunsa_user_perm_userceprunsa_id_permissi_28be8bde_uniq; Type: CONSTRAINT; Schema: public; Owner: myuser
--

ALTER TABLE ONLY public.users_ceprunsa_user_permissions
    ADD CONSTRAINT users_ceprunsa_user_perm_userceprunsa_id_permissi_28be8bde_uniq UNIQUE (userceprunsa_id, permission_id);


--
-- Name: users_ceprunsa_user_permissions users_ceprunsa_user_permissions_pkey; Type: CONSTRAINT; Schema: public; Owner: myuser
--

ALTER TABLE ONLY public.users_ceprunsa_user_permissions
    ADD CONSTRAINT users_ceprunsa_user_permissions_pkey PRIMARY KEY (id);


--
-- Name: auth_group_name_a6ea08ec_like; Type: INDEX; Schema: public; Owner: myuser
--

CREATE INDEX auth_group_name_a6ea08ec_like ON public.auth_group USING btree (name varchar_pattern_ops);


--
-- Name: auth_group_permissions_group_id_b120cbf9; Type: INDEX; Schema: public; Owner: myuser
--

CREATE INDEX auth_group_permissions_group_id_b120cbf9 ON public.auth_group_permissions USING btree (group_id);


--
-- Name: auth_group_permissions_permission_id_84c5c92e; Type: INDEX; Schema: public; Owner: myuser
--

CREATE INDEX auth_group_permissions_permission_id_84c5c92e ON public.auth_group_permissions USING btree (permission_id);


--
-- Name: auth_permission_content_type_id_2f476e4b; Type: INDEX; Schema: public; Owner: myuser
--

CREATE INDEX auth_permission_content_type_id_2f476e4b ON public.auth_permission USING btree (content_type_id);


--
-- Name: courses_coordinator_id_a1aec751; Type: INDEX; Schema: public; Owner: myuser
--

CREATE INDEX courses_coordinator_id_a1aec751 ON public.courses USING btree (coordinator_id);


--
-- Name: courses_name_97886413_like; Type: INDEX; Schema: public; Owner: myuser
--

CREATE INDEX courses_name_97886413_like ON public.courses USING btree (name varchar_pattern_ops);


--
-- Name: django_admin_log_content_type_id_c4bce8eb; Type: INDEX; Schema: public; Owner: myuser
--

CREATE INDEX django_admin_log_content_type_id_c4bce8eb ON public.django_admin_log USING btree (content_type_id);


--
-- Name: django_admin_log_user_id_c564eba6; Type: INDEX; Schema: public; Owner: myuser
--

CREATE INDEX django_admin_log_user_id_c564eba6 ON public.django_admin_log USING btree (user_id);


--
-- Name: django_session_expire_date_a5c62663; Type: INDEX; Schema: public; Owner: myuser
--

CREATE INDEX django_session_expire_date_a5c62663 ON public.django_session USING btree (expire_date);


--
-- Name: django_session_session_key_c0390e0f_like; Type: INDEX; Schema: public; Owner: myuser
--

CREATE INDEX django_session_session_key_c0390e0f_like ON public.django_session USING btree (session_key varchar_pattern_ops);


--
-- Name: oauth2_provider_accesstoken_application_id_b22886e1; Type: INDEX; Schema: public; Owner: myuser
--

CREATE INDEX oauth2_provider_accesstoken_application_id_b22886e1 ON public.oauth2_provider_accesstoken USING btree (application_id);


--
-- Name: oauth2_provider_accesstoken_token_checksum_85319a26_like; Type: INDEX; Schema: public; Owner: myuser
--

CREATE INDEX oauth2_provider_accesstoken_token_checksum_85319a26_like ON public.oauth2_provider_accesstoken USING btree (token_checksum varchar_pattern_ops);


--
-- Name: oauth2_provider_accesstoken_user_id_6e4c9a65; Type: INDEX; Schema: public; Owner: myuser
--

CREATE INDEX oauth2_provider_accesstoken_user_id_6e4c9a65 ON public.oauth2_provider_accesstoken USING btree (user_id);


--
-- Name: oauth2_provider_application_client_id_03f0cc84_like; Type: INDEX; Schema: public; Owner: myuser
--

CREATE INDEX oauth2_provider_application_client_id_03f0cc84_like ON public.oauth2_provider_application USING btree (client_id varchar_pattern_ops);


--
-- Name: oauth2_provider_application_client_secret_53133678; Type: INDEX; Schema: public; Owner: myuser
--

CREATE INDEX oauth2_provider_application_client_secret_53133678 ON public.oauth2_provider_application USING btree (client_secret);


--
-- Name: oauth2_provider_application_client_secret_53133678_like; Type: INDEX; Schema: public; Owner: myuser
--

CREATE INDEX oauth2_provider_application_client_secret_53133678_like ON public.oauth2_provider_application USING btree (client_secret varchar_pattern_ops);


--
-- Name: oauth2_provider_application_user_id_79829054; Type: INDEX; Schema: public; Owner: myuser
--

CREATE INDEX oauth2_provider_application_user_id_79829054 ON public.oauth2_provider_application USING btree (user_id);


--
-- Name: oauth2_provider_grant_application_id_81923564; Type: INDEX; Schema: public; Owner: myuser
--

CREATE INDEX oauth2_provider_grant_application_id_81923564 ON public.oauth2_provider_grant USING btree (application_id);


--
-- Name: oauth2_provider_grant_code_49ab4ddf_like; Type: INDEX; Schema: public; Owner: myuser
--

CREATE INDEX oauth2_provider_grant_code_49ab4ddf_like ON public.oauth2_provider_grant USING btree (code varchar_pattern_ops);


--
-- Name: oauth2_provider_grant_user_id_e8f62af8; Type: INDEX; Schema: public; Owner: myuser
--

CREATE INDEX oauth2_provider_grant_user_id_e8f62af8 ON public.oauth2_provider_grant USING btree (user_id);


--
-- Name: oauth2_provider_idtoken_application_id_08c5ff4f; Type: INDEX; Schema: public; Owner: myuser
--

CREATE INDEX oauth2_provider_idtoken_application_id_08c5ff4f ON public.oauth2_provider_idtoken USING btree (application_id);


--
-- Name: oauth2_provider_idtoken_user_id_dd512b59; Type: INDEX; Schema: public; Owner: myuser
--

CREATE INDEX oauth2_provider_idtoken_user_id_dd512b59 ON public.oauth2_provider_idtoken USING btree (user_id);


--
-- Name: oauth2_provider_refreshtoken_application_id_2d1c311b; Type: INDEX; Schema: public; Owner: myuser
--

CREATE INDEX oauth2_provider_refreshtoken_application_id_2d1c311b ON public.oauth2_provider_refreshtoken USING btree (application_id);


--
-- Name: oauth2_provider_refreshtoken_user_id_da837fce; Type: INDEX; Schema: public; Owner: myuser
--

CREATE INDEX oauth2_provider_refreshtoken_user_id_da837fce ON public.oauth2_provider_refreshtoken USING btree (user_id);


--
-- Name: processes_name_d30118cb_like; Type: INDEX; Schema: public; Owner: myuser
--

CREATE INDEX processes_name_d30118cb_like ON public.processes USING btree (name varchar_pattern_ops);


--
-- Name: roles_ceprunsa_name_79b21fde_like; Type: INDEX; Schema: public; Owner: myuser
--

CREATE INDEX roles_ceprunsa_name_79b21fde_like ON public.roles_ceprunsa USING btree (name varchar_pattern_ops);


--
-- Name: token_blacklist_outstandingtoken_jti_hex_d9bdf6f7_like; Type: INDEX; Schema: public; Owner: myuser
--

CREATE INDEX token_blacklist_outstandingtoken_jti_hex_d9bdf6f7_like ON public.token_blacklist_outstandingtoken USING btree (jti varchar_pattern_ops);


--
-- Name: token_blacklist_outstandingtoken_user_id_83bc629a; Type: INDEX; Schema: public; Owner: myuser
--

CREATE INDEX token_blacklist_outstandingtoken_user_id_83bc629a ON public.token_blacklist_outstandingtoken USING btree (user_id);


--
-- Name: users_ceprunsa_email_e11ebe40_like; Type: INDEX; Schema: public; Owner: myuser
--

CREATE INDEX users_ceprunsa_email_e11ebe40_like ON public.users_ceprunsa USING btree (email varchar_pattern_ops);


--
-- Name: users_ceprunsa_groups_group_id_d6d57f09; Type: INDEX; Schema: public; Owner: myuser
--

CREATE INDEX users_ceprunsa_groups_group_id_d6d57f09 ON public.users_ceprunsa_groups USING btree (group_id);


--
-- Name: users_ceprunsa_groups_userceprunsa_id_14fde880; Type: INDEX; Schema: public; Owner: myuser
--

CREATE INDEX users_ceprunsa_groups_userceprunsa_id_14fde880 ON public.users_ceprunsa_groups USING btree (userceprunsa_id);


--
-- Name: users_ceprunsa_roles_relation_id_role_ceprunsa_8532dea9; Type: INDEX; Schema: public; Owner: myuser
--

CREATE INDEX users_ceprunsa_roles_relation_id_role_ceprunsa_8532dea9 ON public.users_ceprunsa_roles_relation USING btree (id_role_ceprunsa);


--
-- Name: users_ceprunsa_roles_relation_id_user_ceprunsa_88ef942e; Type: INDEX; Schema: public; Owner: myuser
--

CREATE INDEX users_ceprunsa_roles_relation_id_user_ceprunsa_88ef942e ON public.users_ceprunsa_roles_relation USING btree (id_user_ceprunsa);


--
-- Name: users_ceprunsa_user_permissions_permission_id_5b40ecfc; Type: INDEX; Schema: public; Owner: myuser
--

CREATE INDEX users_ceprunsa_user_permissions_permission_id_5b40ecfc ON public.users_ceprunsa_user_permissions USING btree (permission_id);


--
-- Name: users_ceprunsa_user_permissions_userceprunsa_id_41a83158; Type: INDEX; Schema: public; Owner: myuser
--

CREATE INDEX users_ceprunsa_user_permissions_userceprunsa_id_41a83158 ON public.users_ceprunsa_user_permissions USING btree (userceprunsa_id);


--
-- Name: auth_group_permissions auth_group_permissio_permission_id_84c5c92e_fk_auth_perm; Type: FK CONSTRAINT; Schema: public; Owner: myuser
--

ALTER TABLE ONLY public.auth_group_permissions
    ADD CONSTRAINT auth_group_permissio_permission_id_84c5c92e_fk_auth_perm FOREIGN KEY (permission_id) REFERENCES public.auth_permission(id) DEFERRABLE INITIALLY DEFERRED;


--
-- Name: auth_group_permissions auth_group_permissions_group_id_b120cbf9_fk_auth_group_id; Type: FK CONSTRAINT; Schema: public; Owner: myuser
--

ALTER TABLE ONLY public.auth_group_permissions
    ADD CONSTRAINT auth_group_permissions_group_id_b120cbf9_fk_auth_group_id FOREIGN KEY (group_id) REFERENCES public.auth_group(id) DEFERRABLE INITIALLY DEFERRED;


--
-- Name: auth_permission auth_permission_content_type_id_2f476e4b_fk_django_co; Type: FK CONSTRAINT; Schema: public; Owner: myuser
--

ALTER TABLE ONLY public.auth_permission
    ADD CONSTRAINT auth_permission_content_type_id_2f476e4b_fk_django_co FOREIGN KEY (content_type_id) REFERENCES public.django_content_type(id) DEFERRABLE INITIALLY DEFERRED;


--
-- Name: courses courses_coordinator_id_a1aec751_fk_users_ceprunsa_id; Type: FK CONSTRAINT; Schema: public; Owner: myuser
--

ALTER TABLE ONLY public.courses
    ADD CONSTRAINT courses_coordinator_id_a1aec751_fk_users_ceprunsa_id FOREIGN KEY (coordinator_id) REFERENCES public.users_ceprunsa(id) DEFERRABLE INITIALLY DEFERRED;


--
-- Name: django_admin_log django_admin_log_content_type_id_c4bce8eb_fk_django_co; Type: FK CONSTRAINT; Schema: public; Owner: myuser
--

ALTER TABLE ONLY public.django_admin_log
    ADD CONSTRAINT django_admin_log_content_type_id_c4bce8eb_fk_django_co FOREIGN KEY (content_type_id) REFERENCES public.django_content_type(id) DEFERRABLE INITIALLY DEFERRED;


--
-- Name: django_admin_log django_admin_log_user_id_c564eba6_fk_users_ceprunsa_id; Type: FK CONSTRAINT; Schema: public; Owner: myuser
--

ALTER TABLE ONLY public.django_admin_log
    ADD CONSTRAINT django_admin_log_user_id_c564eba6_fk_users_ceprunsa_id FOREIGN KEY (user_id) REFERENCES public.users_ceprunsa(id) DEFERRABLE INITIALLY DEFERRED;


--
-- Name: oauth2_provider_accesstoken oauth2_provider_acce_application_id_b22886e1_fk_oauth2_pr; Type: FK CONSTRAINT; Schema: public; Owner: myuser
--

ALTER TABLE ONLY public.oauth2_provider_accesstoken
    ADD CONSTRAINT oauth2_provider_acce_application_id_b22886e1_fk_oauth2_pr FOREIGN KEY (application_id) REFERENCES public.oauth2_provider_application(id) DEFERRABLE INITIALLY DEFERRED;


--
-- Name: oauth2_provider_accesstoken oauth2_provider_acce_id_token_id_85db651b_fk_oauth2_pr; Type: FK CONSTRAINT; Schema: public; Owner: myuser
--

ALTER TABLE ONLY public.oauth2_provider_accesstoken
    ADD CONSTRAINT oauth2_provider_acce_id_token_id_85db651b_fk_oauth2_pr FOREIGN KEY (id_token_id) REFERENCES public.oauth2_provider_idtoken(id) DEFERRABLE INITIALLY DEFERRED;


--
-- Name: oauth2_provider_accesstoken oauth2_provider_acce_source_refresh_token_e66fbc72_fk_oauth2_pr; Type: FK CONSTRAINT; Schema: public; Owner: myuser
--

ALTER TABLE ONLY public.oauth2_provider_accesstoken
    ADD CONSTRAINT oauth2_provider_acce_source_refresh_token_e66fbc72_fk_oauth2_pr FOREIGN KEY (source_refresh_token_id) REFERENCES public.oauth2_provider_refreshtoken(id) DEFERRABLE INITIALLY DEFERRED;


--
-- Name: oauth2_provider_accesstoken oauth2_provider_acce_user_id_6e4c9a65_fk_users_cep; Type: FK CONSTRAINT; Schema: public; Owner: myuser
--

ALTER TABLE ONLY public.oauth2_provider_accesstoken
    ADD CONSTRAINT oauth2_provider_acce_user_id_6e4c9a65_fk_users_cep FOREIGN KEY (user_id) REFERENCES public.users_ceprunsa(id) DEFERRABLE INITIALLY DEFERRED;


--
-- Name: oauth2_provider_application oauth2_provider_appl_user_id_79829054_fk_users_cep; Type: FK CONSTRAINT; Schema: public; Owner: myuser
--

ALTER TABLE ONLY public.oauth2_provider_application
    ADD CONSTRAINT oauth2_provider_appl_user_id_79829054_fk_users_cep FOREIGN KEY (user_id) REFERENCES public.users_ceprunsa(id) DEFERRABLE INITIALLY DEFERRED;


--
-- Name: oauth2_provider_grant oauth2_provider_gran_application_id_81923564_fk_oauth2_pr; Type: FK CONSTRAINT; Schema: public; Owner: myuser
--

ALTER TABLE ONLY public.oauth2_provider_grant
    ADD CONSTRAINT oauth2_provider_gran_application_id_81923564_fk_oauth2_pr FOREIGN KEY (application_id) REFERENCES public.oauth2_provider_application(id) DEFERRABLE INITIALLY DEFERRED;


--
-- Name: oauth2_provider_grant oauth2_provider_grant_user_id_e8f62af8_fk_users_ceprunsa_id; Type: FK CONSTRAINT; Schema: public; Owner: myuser
--

ALTER TABLE ONLY public.oauth2_provider_grant
    ADD CONSTRAINT oauth2_provider_grant_user_id_e8f62af8_fk_users_ceprunsa_id FOREIGN KEY (user_id) REFERENCES public.users_ceprunsa(id) DEFERRABLE INITIALLY DEFERRED;


--
-- Name: oauth2_provider_idtoken oauth2_provider_idto_application_id_08c5ff4f_fk_oauth2_pr; Type: FK CONSTRAINT; Schema: public; Owner: myuser
--

ALTER TABLE ONLY public.oauth2_provider_idtoken
    ADD CONSTRAINT oauth2_provider_idto_application_id_08c5ff4f_fk_oauth2_pr FOREIGN KEY (application_id) REFERENCES public.oauth2_provider_application(id) DEFERRABLE INITIALLY DEFERRED;


--
-- Name: oauth2_provider_idtoken oauth2_provider_idtoken_user_id_dd512b59_fk_users_ceprunsa_id; Type: FK CONSTRAINT; Schema: public; Owner: myuser
--

ALTER TABLE ONLY public.oauth2_provider_idtoken
    ADD CONSTRAINT oauth2_provider_idtoken_user_id_dd512b59_fk_users_ceprunsa_id FOREIGN KEY (user_id) REFERENCES public.users_ceprunsa(id) DEFERRABLE INITIALLY DEFERRED;


--
-- Name: oauth2_provider_refreshtoken oauth2_provider_refr_access_token_id_775e84e8_fk_oauth2_pr; Type: FK CONSTRAINT; Schema: public; Owner: myuser
--

ALTER TABLE ONLY public.oauth2_provider_refreshtoken
    ADD CONSTRAINT oauth2_provider_refr_access_token_id_775e84e8_fk_oauth2_pr FOREIGN KEY (access_token_id) REFERENCES public.oauth2_provider_accesstoken(id) DEFERRABLE INITIALLY DEFERRED;


--
-- Name: oauth2_provider_refreshtoken oauth2_provider_refr_application_id_2d1c311b_fk_oauth2_pr; Type: FK CONSTRAINT; Schema: public; Owner: myuser
--

ALTER TABLE ONLY public.oauth2_provider_refreshtoken
    ADD CONSTRAINT oauth2_provider_refr_application_id_2d1c311b_fk_oauth2_pr FOREIGN KEY (application_id) REFERENCES public.oauth2_provider_application(id) DEFERRABLE INITIALLY DEFERRED;


--
-- Name: oauth2_provider_refreshtoken oauth2_provider_refr_user_id_da837fce_fk_users_cep; Type: FK CONSTRAINT; Schema: public; Owner: myuser
--

ALTER TABLE ONLY public.oauth2_provider_refreshtoken
    ADD CONSTRAINT oauth2_provider_refr_user_id_da837fce_fk_users_cep FOREIGN KEY (user_id) REFERENCES public.users_ceprunsa(id) DEFERRABLE INITIALLY DEFERRED;


--
-- Name: payment_information payment_information_id_user_ceprunsa_6b37ed89_fk_users_cep; Type: FK CONSTRAINT; Schema: public; Owner: myuser
--

ALTER TABLE ONLY public.payment_information
    ADD CONSTRAINT payment_information_id_user_ceprunsa_6b37ed89_fk_users_cep FOREIGN KEY (id_user_ceprunsa) REFERENCES public.users_ceprunsa(id) DEFERRABLE INITIALLY DEFERRED;


--
-- Name: personal_information personal_information_id_user_ceprunsa_83d1773e_fk_users_cep; Type: FK CONSTRAINT; Schema: public; Owner: myuser
--

ALTER TABLE ONLY public.personal_information
    ADD CONSTRAINT personal_information_id_user_ceprunsa_83d1773e_fk_users_cep FOREIGN KEY (id_user_ceprunsa) REFERENCES public.users_ceprunsa(id) DEFERRABLE INITIALLY DEFERRED;


--
-- Name: token_blacklist_blacklistedtoken token_blacklist_blacklistedtoken_token_id_3cc7fe56_fk; Type: FK CONSTRAINT; Schema: public; Owner: myuser
--

ALTER TABLE ONLY public.token_blacklist_blacklistedtoken
    ADD CONSTRAINT token_blacklist_blacklistedtoken_token_id_3cc7fe56_fk FOREIGN KEY (token_id) REFERENCES public.token_blacklist_outstandingtoken(id) DEFERRABLE INITIALLY DEFERRED;


--
-- Name: token_blacklist_outstandingtoken token_blacklist_outs_user_id_83bc629a_fk_users_cep; Type: FK CONSTRAINT; Schema: public; Owner: myuser
--

ALTER TABLE ONLY public.token_blacklist_outstandingtoken
    ADD CONSTRAINT token_blacklist_outs_user_id_83bc629a_fk_users_cep FOREIGN KEY (user_id) REFERENCES public.users_ceprunsa(id) DEFERRABLE INITIALLY DEFERRED;


--
-- Name: users_ceprunsa_groups users_ceprunsa_group_userceprunsa_id_14fde880_fk_users_cep; Type: FK CONSTRAINT; Schema: public; Owner: myuser
--

ALTER TABLE ONLY public.users_ceprunsa_groups
    ADD CONSTRAINT users_ceprunsa_group_userceprunsa_id_14fde880_fk_users_cep FOREIGN KEY (userceprunsa_id) REFERENCES public.users_ceprunsa(id) DEFERRABLE INITIALLY DEFERRED;


--
-- Name: users_ceprunsa_groups users_ceprunsa_groups_group_id_d6d57f09_fk_auth_group_id; Type: FK CONSTRAINT; Schema: public; Owner: myuser
--

ALTER TABLE ONLY public.users_ceprunsa_groups
    ADD CONSTRAINT users_ceprunsa_groups_group_id_d6d57f09_fk_auth_group_id FOREIGN KEY (group_id) REFERENCES public.auth_group(id) DEFERRABLE INITIALLY DEFERRED;


--
-- Name: users_ceprunsa_roles_relation users_ceprunsa_roles_id_role_ceprunsa_8532dea9_fk_roles_cep; Type: FK CONSTRAINT; Schema: public; Owner: myuser
--

ALTER TABLE ONLY public.users_ceprunsa_roles_relation
    ADD CONSTRAINT users_ceprunsa_roles_id_role_ceprunsa_8532dea9_fk_roles_cep FOREIGN KEY (id_role_ceprunsa) REFERENCES public.roles_ceprunsa(id) DEFERRABLE INITIALLY DEFERRED;


--
-- Name: users_ceprunsa_roles_relation users_ceprunsa_roles_id_user_ceprunsa_88ef942e_fk_users_cep; Type: FK CONSTRAINT; Schema: public; Owner: myuser
--

ALTER TABLE ONLY public.users_ceprunsa_roles_relation
    ADD CONSTRAINT users_ceprunsa_roles_id_user_ceprunsa_88ef942e_fk_users_cep FOREIGN KEY (id_user_ceprunsa) REFERENCES public.users_ceprunsa(id) DEFERRABLE INITIALLY DEFERRED;


--
-- Name: users_ceprunsa_user_permissions users_ceprunsa_user__permission_id_5b40ecfc_fk_auth_perm; Type: FK CONSTRAINT; Schema: public; Owner: myuser
--

ALTER TABLE ONLY public.users_ceprunsa_user_permissions
    ADD CONSTRAINT users_ceprunsa_user__permission_id_5b40ecfc_fk_auth_perm FOREIGN KEY (permission_id) REFERENCES public.auth_permission(id) DEFERRABLE INITIALLY DEFERRED;


--
-- Name: users_ceprunsa_user_permissions users_ceprunsa_user__userceprunsa_id_41a83158_fk_users_cep; Type: FK CONSTRAINT; Schema: public; Owner: myuser
--

ALTER TABLE ONLY public.users_ceprunsa_user_permissions
    ADD CONSTRAINT users_ceprunsa_user__userceprunsa_id_41a83158_fk_users_cep FOREIGN KEY (userceprunsa_id) REFERENCES public.users_ceprunsa(id) DEFERRABLE INITIALLY DEFERRED;


--
-- PostgreSQL database dump complete
--

